<?xml version="1.0"?>
<doc>
    <assembly>
        <name>R2API</name>
    </assembly>
    <members>
        <member name="E:R2API.AssetAPI.AssetLoaderReady">
            <summary>
            This event is invoked as soon as the AssetAPI is loaded. This is the perfect time to add assets to the Master and Object Catalogs in the API.
            </summary>
        </member>
        <member name="P:R2API.AssetAPI.DoneLoading">
            <summary>
            Returns true once assets have been loaded.
            </summary>
        </member>
        <member name="P:R2API.AssetAPI.MasterCatalog">
            <summary>
            List of all character masters, including both vanilla and modded ones.
            </summary>
        </member>
        <member name="F:R2API.AssetAPI.BodyCatalog">
            <summary>
            List of all character bodies, including both vanilla and modded ones.
            </summary>
        </member>
        <member name="F:R2API.AssetAPI._bodyCatalogReady">
            <summary>
            If BodyCatalog.Init was called already.
            </summary>
        </member>
        <member name="E:R2API.AssetAPI.OnBodyCatalogReady">
            <summary>
            Invokes just before BodyCatalog.Init - EventArgs is AssetAPI.BodyCatalog.
            </summary>
        </member>
        <member name="M:R2API.AssetAPI.AddToBodyCatalog(UnityEngine.GameObject,UnityEngine.Texture2D)">
            <summary>
            Add a BodyPrefab to RoR2.BodyCatalog, even after init.
            If you try to add a BodyPrefab whose name already exists in nameToIndexMap, this method will throw.
            </summary>
            <param name="bodyPrefab"></param>
            <param name="portraitIcon"></param>
            <returns>The index of your BodyPrefab.</returns>
        </member>
        <member name="T:R2API.AssetBundleResourcesProvider">
            <summary>
            This class provides a wrapper around an AssetBundle for integrating it into the regular Unity Resources library
            </summary>
        </member>
        <member name="T:R2API.AssetPlus.AssetPlus">
            <summary>
            Simple class for adding all the individual of AssetPlus together
            </summary>
                // ReSharper disable once InconsistentNaming
        </member>
        <member name="M:R2API.AssetPlus.FontPlus.FontStart">
            <summary>
            Checks for for amount of fonts after all Awake()
            </summary>
        </member>
        <member name="T:R2API.AssetPlus.Fonts">
            <summary>
            use this class to add fonts
            </summary>
        </member>
        <member name="M:R2API.AssetPlus.Fonts.Add(System.String)">
            <summary>
            for adding an TMP_FontAsset inside an seperate assetbundle (.font is loaded automatically)
            </summary>
            <param name="path">absolute path to the assetbundle</param>
        </member>
        <member name="M:R2API.AssetPlus.Fonts.Add(System.Byte[])">
            <summary>
            for adding an TMP_FontAsset while it is still in an assetbundle
            </summary>
            <param name="fontFile">the assetbundle file</param>
        </member>
        <member name="M:R2API.AssetPlus.Fonts.Add(TMPro.TMP_FontAsset)">
            <summary>
            for adding an TMP_FontAsset directly
            </summary>
            <param name="fontAsset">The loaded fontasset</param>
        </member>
        <member name="T:R2API.AssetPlus.Languages">
            <summary>
            class for language files to load
            </summary>
        </member>
        <member name="M:R2API.AssetPlus.Languages.AddPath(System.String)">
            <summary>
            adding an file via path (.language is added automatically )
            </summary>
            <param name="path">absolute path to file</param>
        </member>
        <member name="M:R2API.AssetPlus.Languages.AddToken(System.String,System.String)">
            <summary>
            Adds a single languagetoken and value
            </summary>
            <param name="key">Token the game asks</param>
            <param name="value">Value it gives back</param>
        </member>
        <member name="M:R2API.AssetPlus.Languages.AddToken(System.String,System.String,System.Boolean)">
            <summary>
            Adds a single languagetoken and value with optional reload
            </summary>
            <param name="key">Token the game asks</param>
            <param name="value">Value it gives back</param>
            <param name="reload">if the dictionary of the game should be reloaded</param>
        </member>
        <member name="M:R2API.AssetPlus.Languages.AddToken(System.String,System.String,System.String)">
            <summary>
            Adds a single languagetoken and value to a specific language
            </summary>
            <param name="key">Token the game asks</param>
            <param name="value">Value it gives back</param>
            <param name="language">Language you want to add this to</param>
        </member>
        <member name="M:R2API.AssetPlus.Languages.AddToken(System.String,System.String,System.String,System.Boolean)">
            <summary>
            Adds a single languagetoken and value to a specific language
            </summary>
            <param name="key">Token the game asks</param>
            <param name="value">Value it gives back</param>
            <param name="language">Language you want to add this to</param>
            <param name="reload">if the dictionary of the game should be reloaded</param>
        </member>
        <member name="M:R2API.AssetPlus.Languages.AddToken(System.Collections.Generic.Dictionary{System.String,System.Collections.Generic.Dictionary{System.String,System.String}})">
            <summary>
            Adds multiple languagetokens and value to languages
            </summary>
            <param name="languageDictionary">dictionary of languages containing dictionaries of key-value (eg ["en"]["mytoken"]="mystring")</param>
        </member>
        <member name="M:R2API.AssetPlus.Languages.AddToken(System.Collections.Generic.Dictionary{System.String,System.Collections.Generic.Dictionary{System.String,System.String}},System.Boolean)">
            <summary>
            Adds multiple languagetokens and value to languages
            </summary>
            <param name="languageDictionary">dictionary of languages containing dictionaries of key-value (eg ["en"]["mytoken"]="mystring")</param>
            <param name="reload">if the dictionary of the game should be reloaded</param>
        </member>
        <member name="M:R2API.AssetPlus.Languages.AddToken(System.Collections.Generic.Dictionary{System.String,System.String},System.String)">
            <summary>
            Adds multiple languagetokens and value to a specific language
            </summary>
            <param name="languageDictionary">dictionaries of key-value (eg ["mytoken"]="mystring")</param>
            <param name="reload">if the dictionary of the game should be reloaded</param>
        </member>
        <member name="M:R2API.AssetPlus.Languages.AddToken(System.Collections.Generic.Dictionary{System.String,System.String},System.String,System.Boolean)">
            <summary>
            Adds multiple languagetokens and value to a specific language
            </summary>
            <param name="languageDictionary">dictionaries of key-value (eg ["mytoken"]="mystring")</param>
            <param name="reload">if the dictionary of the game should be reloaded</param>
        </member>
        <member name="M:R2API.AssetPlus.Languages.AddToken(System.Collections.Generic.Dictionary{System.String,System.String})">
            <summary>
            Adds multiple languagetokens and value
            </summary>
            <param name="languageDictionary">dictionaries of key-value (eg ["mytoken"]="mystring")</param>
        </member>
        <member name="M:R2API.AssetPlus.Languages.AddToken(System.Collections.Generic.Dictionary{System.String,System.String},System.Boolean)">
            <summary>
            Adds multiple languagetokens and value
            </summary>
            <param name="languageDictionary">dictionaries of key-value (eg ["mytoken"]="mystring")</param>
            <param name="reload">if the dictionary of the game should be reloaded</param>
        </member>
        <member name="M:R2API.AssetPlus.Languages.Add(System.String)">
            <summary>
            Adding an file which is read into an string
            </summary>
            <param name="file">entire file as string</param>
        </member>
        <member name="M:R2API.AssetPlus.Languages.ReloadLanguage">
            <summary>
            Reloads the game language if it is already loaded
            </summary>
        </member>
        <member name="M:R2API.AssetPlus.SoundPlus.LoadBanks">
            <summary>
            Loads all the banks, can only be called once and after RoR2.RoR2Application.OnLoad because of the initialization of the init bank
            </summary>
        </member>
        <member name="T:R2API.AssetPlus.SoundBanks">
            <summary>
            class for SoundBanks to load
            </summary>
        </member>
        <member name="F:R2API.AssetPlus.SoundBanks.Loaded">
            <summary>
            Makes sure to correctly load banks added before or after RoR2.RoR2Application.OnLoad()
            </summary>
        </member>
        <member name="M:R2API.AssetPlus.SoundBanks.Add(System.Byte[])">
            <summary>
            Adds a soundbank to load, returns the ID used for unloading
            </summary>
            <param name="bank">byte array of the entire .bnk file</param>
        </member>
        <member name="M:R2API.AssetPlus.SoundBanks.Add(System.String)">
            <summary>
            Adds an external soundbank to load, returns the ID used for unloading (.sound files are loaded automatically)
            </summary>
            <param name="path">the absolute path to the file</param>
        </member>
        <member name="M:R2API.AssetPlus.SoundBanks.Remove(System.UInt32)">
            <summary>
            Unloads an bank using the ID (ID is returned at the Add() of the bank)
            </summary>
            <param name="ID">BankID</param>
            <returns></returns>
        </member>
        <member name="T:R2API.AssetPlus.SoundBanks.Bank">
            <summary>
            Class containing all the information of a bank
            </summary>
        </member>
        <member name="F:R2API.AssetPlus.SoundBanks.Bank._bankIteration">
            <summary>
            Number keeping track of PublicID to give
            </summary>
        </member>
        <member name="F:R2API.AssetPlus.SoundBanks.Bank.BankData">
            <summary>
            BankData supplied by the user
            </summary>
        </member>
        <member name="F:R2API.AssetPlus.SoundBanks.Bank.PublicID">
            <summary>
            Identifier for the User
            </summary>
        </member>
        <member name="F:R2API.AssetPlus.SoundBanks.Bank.Memory">
            <summary>
            Pointer for the wwise engine
            </summary>
        </member>
        <member name="F:R2API.AssetPlus.SoundBanks.Bank.BankID">
            <summary>
            Identifier for the engine
            </summary>
        </member>
        <member name="M:R2API.AssetPlus.SoundBanks.Bank.Load">
            <summary>
            Loads the bank into the wwise engine
            </summary>
        </member>
        <member name="M:R2API.AssetPlus.SoundBanks.Bank.UnLoad">
            <summary>
            Unloads the bank from the wwise engine
            </summary>
            <returns>The AKRESULT of unloading itself</returns>
        </member>
        <member name="F:R2API.AssetPlus.SoundBanks.soundBanks">
            <summary>
            List of all the Banks
            </summary>
        </member>
        <member name="M:R2API.DifficultyAPI.AddDifficulty(RoR2.DifficultyDef)">
            <summary>
            Add a DifficultyDef to the list of available difficulties.
            This must be called before the DifficultyCatalog inits, so before plugin.Start()
            You'll get your new index returned that you can work with for comparing to Run.Instance.selectedDifficulty.
            If this is called after the DifficultyCatalog inits then this will return -1/DifficultyIndex.Invalid and ignore the difficulty
            </summary>
            <param name="difficulty">The difficulty to add.</param>
            <returns>DifficultyIndex.Invalid if it fails. Your index otherwise.</returns>
        </member>
        <member name="P:R2API.DirectorAPI.Loaded">
            <summary>
            Return true if the submodule is loaded.
            </summary>
        </member>
        <member name="E:R2API.DirectorAPI.StageSettingsActions">
            <summary>
            Event used to edit stage settings.
            </summary>
        </member>
        <member name="E:R2API.DirectorAPI.MonsterActions">
            <summary>
            Event used to edit/add/remove the monsters spawned on a stage.
            </summary>
        </member>
        <member name="E:R2API.DirectorAPI.InteractableActions">
            <summary>
            Event used to edit/add/remove interactables spawned on a stage.
            </summary>
        </member>
        <member name="E:R2API.DirectorAPI.FamilyActions">
            <summary>
            Event used to edit/add/remove monster families on a stage.
            </summary>
        </member>
        <member name="T:R2API.DirectorAPI.MonsterCategory">
            <summary>
            If this is called then DirectorAPI will hook ClassicStageInfo.Awake and use the events to make changes
            </summary>
            <summary>
            The three categories for monsters. Support for custom categories will come later.
            </summary>
        </member>
        <member name="F:R2API.DirectorAPI.MonsterCategory.None">
            <summary>
            An invalid default value. Anything with this value is ignored when dealing with monsters.
            </summary>
        </member>
        <member name="F:R2API.DirectorAPI.MonsterCategory.BasicMonsters">
            <summary>
            Small enemies like Lemurians and Beetles.
            </summary>
        </member>
        <member name="F:R2API.DirectorAPI.MonsterCategory.Minibosses">
            <summary>
            Medium enemies like Golems and Beetle Guards.
            </summary>
        </member>
        <member name="F:R2API.DirectorAPI.MonsterCategory.Champions">
            <summary>
            Bosses like Vagrants and Titans.
            </summary>
        </member>
        <member name="T:R2API.DirectorAPI.InteractableCategory">
            <summary>
            The categories for interactables. Support for custom categories will come later.
            </summary>
        </member>
        <member name="F:R2API.DirectorAPI.InteractableCategory.None">
            <summary>
            An invalid default value. Anything with this value is ignored when dealing with interactables.
            </summary>
        </member>
        <member name="F:R2API.DirectorAPI.InteractableCategory.Chests">
            <summary>
            Chests, such as basic chests, large chests, shops, equipment barrels, lunar pods, and category chests. NOT legendary chests or cloaked chests.
            </summary>
        </member>
        <member name="F:R2API.DirectorAPI.InteractableCategory.Barrels">
            <summary>
            Barrels.
            </summary>
        </member>
        <member name="F:R2API.DirectorAPI.InteractableCategory.Shrines">
            <summary>
            Chance shrines, blood shrines, combat shrines, order shrines, mountain shrines, shrine of the woods. NOT shrine of gold.
            </summary>
        </member>
        <member name="F:R2API.DirectorAPI.InteractableCategory.Drones">
            <summary>
            All types of drones such as TC-280, equipment drones, gunner drones, healing drones, and incinerator drones. NOT gunner turrets.
            </summary>
        </member>
        <member name="F:R2API.DirectorAPI.InteractableCategory.Misc">
            <summary>
            Gunner turrets only.
            </summary>
        </member>
        <member name="F:R2API.DirectorAPI.InteractableCategory.Rare">
            <summary>
            Legendary chests, cloaked chests, shrine of gold, and radio scanners.
            </summary>
        </member>
        <member name="F:R2API.DirectorAPI.InteractableCategory.Duplicator">
            <summary>
            All three tiers of printers.
            </summary>
        </member>
        <member name="T:R2API.DirectorAPI.Stage">
            <summary>
            A flags enum for the vanilla stages. Custom stages are handled with a string in StageInfo.
            </summary>
        </member>
        <member name="F:R2API.DirectorAPI.Stage.Custom">
            <summary>
            When this is set to custom, check the string in StageInfo
            </summary>
        </member>
        <member name="F:R2API.DirectorAPI.StageInfo.stage">
            <summary>
            The current stage. If set to custom, check customStageName.
            </summary>
        </member>
        <member name="F:R2API.DirectorAPI.StageInfo.CustomStageName">
            <summary>
            This is set to the name of the custom stage. Is left blank for vanilla stages.
            </summary>
        </member>
        <member name="M:R2API.DirectorAPI.StageInfo.CheckStage(R2API.DirectorAPI.Stage,System.String[])">
            <summary>
            Returns true if the current stage matches any of the stages you specify.
            To match a custom stage, include Stage.Custom in your stage input and specify names in customStageNames.
            </summary>
            <param name="stage">The stages to match with</param>
            <param name="customStageNames">Names of the custom stages to match. Leave blank to match all custom stages</param>
            <returns></returns>
        </member>
        <member name="T:R2API.DirectorAPI.StageSettings">
            <summary>
            A class passed to everything subscribed to stageSettingsActions that contains various settings for a stage.
            All mods will be working off the same settings, so operators like *=,+=,-=, and /= are preferred over directly setting values.
            </summary>
        </member>
        <member name="F:R2API.DirectorAPI.StageSettings.SceneDirectorMonsterCredits">
            <summary>
            How many credits the scene director has for monsters at the start of a stage.
            This scales with difficulty, and thus will always be zero on the first stage.
            </summary>
        </member>
        <member name="F:R2API.DirectorAPI.StageSettings.SceneDirectorInteractableCredits">
            <summary>
            How many credits the scene director has for interactables at the start of a stage.
            </summary>
        </member>
        <member name="F:R2API.DirectorAPI.StageSettings.BonusCreditObjects">
            <summary>
            If the GameObject key of the dictionary is enabled, then the scene director gains the value in extra interactable credits
            Used for things like the door in Abyssal Depths.
            </summary>
        </member>
        <member name="F:R2API.DirectorAPI.StageSettings.MonsterCategoryWeights">
            <summary>
            The weights for each monster category on this stage.
            </summary>
        </member>
        <member name="F:R2API.DirectorAPI.StageSettings.InteractableCategoryWeights">
            <summary>
            The weights for each interactable category on this stage.
            </summary>
        </member>
        <member name="T:R2API.DirectorAPI.DirectorCardHolder">
            <summary>
            A wrapper class for DirectorCards. A list of these is passed to everything subscribed to monsterActions and interactableActions.
            </summary>
        </member>
        <member name="F:R2API.DirectorAPI.DirectorCardHolder.Card">
            <summary>
            The director card. This contains the majority of the information for an interactable or monster, including the prefab.
            </summary>
        </member>
        <member name="F:R2API.DirectorAPI.DirectorCardHolder.MonsterCategory">
            <summary>
            The monster category the card belongs to. Will be set to None for interactables.
            </summary>
        </member>
        <member name="F:R2API.DirectorAPI.DirectorCardHolder.InteractableCategory">
            <summary>
            The interactable category the card belongs to. Will be set to none for monsters.
            </summary>
        </member>
        <member name="T:R2API.DirectorAPI.MonsterFamilyHolder">
            <summary>
            A wrapper class for Monster Families. A list of these is passed to everything subscribed to familyActions.
            </summary>
        </member>
        <member name="F:R2API.DirectorAPI.MonsterFamilyHolder.FamilyBasicMonsters">
            <summary>
            List of all basic monsters that can spawn during this family event.
            </summary>
        </member>
        <member name="F:R2API.DirectorAPI.MonsterFamilyHolder.FamilyMinibosses">
            <summary>
            List of all minibosses that can spawn during this family event.
            </summary>
        </member>
        <member name="F:R2API.DirectorAPI.MonsterFamilyHolder.FamilyChampions">
            <summary>
            List of all champions that can spawn during this family event.
            </summary>
        </member>
        <member name="F:R2API.DirectorAPI.MonsterFamilyHolder.FamilyBasicMonsterWeight">
            <summary>
            The selection weight for basic monsters during the family event.
            </summary>
        </member>
        <member name="F:R2API.DirectorAPI.MonsterFamilyHolder.FamilyMinibossWeight">
            <summary>
            The selection weight for minibosses during the family event.
            </summary>
        </member>
        <member name="F:R2API.DirectorAPI.MonsterFamilyHolder.FamilyChampionWeight">
            <summary>
            The selection weight for champions during the family event.
            </summary>
        </member>
        <member name="F:R2API.DirectorAPI.MonsterFamilyHolder.MinStageCompletion">
            <summary>
            The minimum number of stages completed for this family event to occur.
            </summary>
        </member>
        <member name="F:R2API.DirectorAPI.MonsterFamilyHolder.MaxStageCompletion">
            <summary>
            The maximum number of stages for this family event to occur.
            </summary>
        </member>
        <member name="F:R2API.DirectorAPI.MonsterFamilyHolder.FamilySelectionWeight">
            <summary>
            The weight of this monster family relative to other monster families.
            Does NOT increase the chances of a family event occuring, just the chance that this will be chosen when one does occur.
            Support for modifying the chance of family events overall will come later (and will be in StageSettings)
            </summary>
        </member>
        <member name="F:R2API.DirectorAPI.MonsterFamilyHolder.SelectionChatString">
            <summary>
            The message sent to chat when this family is selected.
            </summary>
        </member>
        <member name="T:R2API.DirectorAPI.Helpers">
            <summary>
            This subclass contains helper methods for use with DirectorAPI.
            Note that there is much more flexibility by working with the API directly through its event system.
            The primary purpose of these helpers is to serve as example code, and to assist with very simple tasks.
            They are NOT intended to be, or ever will be, a comprehensive way to use the DirectorAPI.
            </summary>
        </member>
        <member name="T:R2API.DirectorAPI.Helpers.MonsterNames">
            <summary>
            This class contains static strings for each characterspawncard in the base game.
            These can be used for matching names.
            </summary>
        </member>
        <member name="T:R2API.DirectorAPI.Helpers.InteractableNames">
            <summary>
            This class contains static strings for each interactablespawncard in the base game.
            These can be used for matching names.
            </summary>
        </member>
        <member name="M:R2API.DirectorAPI.Helpers.PreventElites(System.String,System.Boolean)">
            <summary>
            Enables or disables elite spawns for a specific monster.
            </summary>
            <param name="monsterName">The name of the monster to edit</param>
            <param name="elitesAllowed">Should elites be allowed?</param>
        </member>
        <member name="M:R2API.DirectorAPI.Helpers.AddNewMonster(RoR2.DirectorCard,R2API.DirectorAPI.MonsterCategory)">
            <summary>
            Adds a new monster to all stages.
            </summary>
            <param name="monsterCard">The DirectorCard for the monster</param>
            <param name="category">The category to add the monster to</param>
        </member>
        <member name="M:R2API.DirectorAPI.Helpers.AddNewMonsterToStage(RoR2.DirectorCard,R2API.DirectorAPI.MonsterCategory,R2API.DirectorAPI.Stage,System.String)">
            <summary>
            Adds a new monster to a specific stage.
            For custom stages use Stage.Custom and enter the name of the stage in customStageName.
            </summary>
            <param name="monsterCard">The DirectorCard of the monster to add</param>
            <param name="category">The category to add the monster to</param>
            <param name="stage">The stage to add the monster to</param>
            <param name="customStageName">The name of the custom stage</param>
        </member>
        <member name="M:R2API.DirectorAPI.Helpers.AddNewInteractable(RoR2.DirectorCard,R2API.DirectorAPI.InteractableCategory)">
            <summary>
            Adds a new interactable to all stages.
            </summary>
            <param name="interactableCard">The DirectorCard for the interactable</param>
            <param name="category">The category of the interactable</param>
        </member>
        <member name="M:R2API.DirectorAPI.Helpers.AddNewInteractableToStage(RoR2.DirectorCard,R2API.DirectorAPI.InteractableCategory,R2API.DirectorAPI.Stage,System.String)">
            <summary>
            Adds a new interactable to a specific stage.
            For custom stages use Stage.Custom and enter the name of the stage in customStageName.
            </summary>
            <param name="interactableCard">The DirectorCard of the interactable</param>
            <param name="category">The category of the interactable</param>
            <param name="stage">The stage to add the interactable to</param>
            <param name="customStageName">The name of the custom stage</param>
        </member>
        <member name="M:R2API.DirectorAPI.Helpers.RemoveExistingMonster(System.String)">
            <summary>
            Removes a monster from spawns on all stages.
            </summary>
            <param name="monsterName">The name of the monster card to remove</param>
        </member>
        <member name="M:R2API.DirectorAPI.Helpers.RemoveExistingMonsterFromStage(System.String,R2API.DirectorAPI.Stage,System.String)">
            <summary>
            Removes a monster from spawns on a specific stage.
            For custom stages use Stage.Custom and enter the name of the stage in customStageName.
            </summary>
            <param name="monsterName">The name of the monster card to remove</param>
            <param name="stage">The stage to remove on</param>
            <param name="customStageName">The name of the custom stage</param>
        </member>
        <member name="M:R2API.DirectorAPI.Helpers.RemoveExistingInteractable(System.String)">
            <summary>
            Remove an interactable from spawns on all stages.
            </summary>
            <param name="interactableName">Name of the interactable to remove</param>
        </member>
        <member name="M:R2API.DirectorAPI.Helpers.RemoveExistingInteractableFromStage(System.String,R2API.DirectorAPI.Stage,System.String)">
            <summary>
            Remove an interactable from spawns on a specific stage.
            For custom stages use Stage.Custom and enter the name of the stage in customStageName.
            </summary>
            <param name="interactableName">The name of the interactable to remove</param>
            <param name="stage">The stage to remove on</param>
            <param name="customStageName">The name of the custom stage</param>
        </member>
        <member name="M:R2API.DirectorAPI.Helpers.AddSceneMonsterCredits(System.Int32,R2API.DirectorAPI.Stage,System.String)">
            <summary>
            Adds a flat amount of monster credits to the scene director on a specific stage.
            For custom stages use Stage.Custom and enter the name of the stage in customStageName.
            </summary>
            <param name="increase">The quantity to add</param>
            <param name="stage">The stage to add on</param>
            <param name="customStageName">The name of the custom stage</param>
        </member>
        <member name="M:R2API.DirectorAPI.Helpers.AddSceneInteractableCredits(System.Int32,R2API.DirectorAPI.Stage,System.String)">
            <summary>
            Adds a flat amount of interactable credits to the scene director on a specific stage.
            For custom stages use Stage.Custom and enter the name of the stage in customStageName.
            </summary>
            <param name="increase">The quantity to add</param>
            <param name="stage">The stage to add on</param>
            <param name="customStageName">The name of the custom stage</param>
        </member>
        <member name="M:R2API.DirectorAPI.Helpers.MultiplySceneMonsterCredits(System.Int32,R2API.DirectorAPI.Stage,System.String)">
            <summary>
            Multiplies the scene director monster credits on a specific stage.
            For custom stages use Stage.Custom and enter the name of the stage in customStageName.
            </summary>
            <param name="multiplier">The number to multiply by</param>
            <param name="stage">The stage to multiply on</param>
            <param name="customStageName">The name of the custom stage</param>
        </member>
        <member name="M:R2API.DirectorAPI.Helpers.MultiplySceneInteractableCredits(System.Int32,R2API.DirectorAPI.Stage,System.String)">
            <summary>
            Multiplies the scene director interactable credits on a specific stage.
            For custom stages use Stage.Custom and enter the name of the stage in customStageName.
            </summary>
            <param name="multiplier">The number to multiply by</param>
            <param name="stage">The stage to multiply on</param>
            <param name="customStageName">The name of the custom stage</param>
        </member>
        <member name="M:R2API.DirectorAPI.Helpers.ReduceSceneMonsterCredits(System.Int32,R2API.DirectorAPI.Stage,System.String)">
            <summary>
            Divides the scene director monster credits on a specific stage.
            For custom stages use Stage.Custom and enter the name of the stage in customStageName.
            </summary>
            <param name="divisor">The number to divide by</param>
            <param name="stage">The stage to divide on</param>
            <param name="customStageName">The name of the custom stage</param>
        </member>
        <member name="M:R2API.DirectorAPI.Helpers.ReduceSceneInteractableCredits(System.Int32,R2API.DirectorAPI.Stage,System.String)">
            <summary>
            Divides the scene director interactable credits on a specific stage.
            For custom stages use Stage.Custom and enter the name of the stage in customStageName.
            </summary>
            <param name="divisor">The number to divide by</param>
            <param name="stage">The stage to divide on</param>
            <param name="customStageName">The name of the custom stage</param>
        </member>
        <member name="P:R2API.EffectAPI.Loaded">
            <summary>
            Return true if the submodule is loaded.
            </summary>
        </member>
        <member name="E:R2API.EffectAPI.GetAdditionalEntries">
            <summary>
            Mimics events found in CatalogModHelpers, can be used to add or sort effects.
            </summary>
        </member>
        <member name="M:R2API.EffectAPI.AddEffect(UnityEngine.GameObject)">
            <summary>
            Creates an EffectDef from a prefab and adds it to the EffectCatalog.
            The prefab must have an the following components: EffectComponent, VFXAttributes
            For more control over the EffectDef, use AddEffect(EffectDef)
            </summary>
            <param name="effect">The prefab of the effect to be added</param>
            <returns>True if the effect was added</returns>
        </member>
        <member name="M:R2API.EffectAPI.AddEffect(RoR2.EffectDef)">
            <summary>
            Adds an EffectDef to the EffectCatalog when the catalog inits.
            </summary>
            <param name="effect">The EffectDef to addZ</param>
            <returns>False if the EffectDef was null</returns>
        </member>
        <member name="M:R2API.ItemAPI.Add(R2API.CustomItem)">
            <summary>
            Add a custom item to the list of available items.
            Value for ItemDef.ItemIndex can be ignored.
            If this is called after the ItemCatalog inits then this will return false and ignore the custom item.
            </summary>
            <param name="item">The item to add.</param>
            <returns>the ItemIndex of your item if added. -1 otherwise</returns>
        </member>
        <member name="M:R2API.ItemAPI.Add(R2API.CustomEquipment)">
            <summary>
            Add a custom equipment item to the list of available items.
            Value for EquipmentDef.ItemIndex can be ignored.
            If this is called after the EquipmentCatalog inits then this will return false and ignore the custom equipment item.
            </summary>
            <param name="item">The equipment item to add.</param>
            <returns>the EquipmentIndex of your item if added. -1 otherwise</returns>
        </member>
        <member name="M:R2API.ItemAPI.Add(R2API.CustomBuff)">
            <summary>
            Add a custom buff to the list of available buffs.
            Value for BuffDef.buffIndex can be ignored.
            If this is called after the BuffCatalog inits then this will return false and ignore the custom buff.
            </summary>
            <param name="buff">The buff to add.</param>
            <returns>the BuffIndex of your item if added. -1 otherwise</returns>
        </member>
        <member name="M:R2API.ItemAPI.Add(R2API.CustomElite)">
            <summary>
            Add a custom item to the list of available elites.
            Value for EliteDef.eliteIndex can be ignored.
            If this is called after the ItemCatalog inits then this will return false and ignore the custom elite.
            </summary>
            <param name="elite">The elite to add.</param>
            <returns>the EliteIndex of your item if added. -1 otherwise</returns>
        </member>
        <member name="M:R2API.ItemDisplayRuleDict.Add(System.String,RoR2.ItemDisplayRule[])">
            <summary>
            Equivalent to using the set property of the indexer, but added bonus is the ability to ignore the array wrapper normally needed.
            </summary>
            <param name="CharacterModelName"></param>
            <param name="itemDisplayRules"></param>
        </member>
        <member name="M:R2API.ItemDisplayRuleDict.TryGetRules(System.String,RoR2.ItemDisplayRule[]@)">
            <summary>
            Safe way of getting a characters rules, with the promise that the out is always filled.
            </summary>
            <param name="CharacterModelName"></param>
            <param name="itemDisplayRules">The specific rules for this model, or if false is returned, the default rules.</param>
            <returns></returns>
        </member>
        <member name="T:R2API.CustomBuff">
            <summary>
            Class that defines a custom buff type for use in the game;
            you may omit the index in the BuffDef, as that will
            be assigned by ItemAPI.
            </summary>
        </member>
        <member name="F:R2API.CustomBuff.Name">
            <summary>
            Name of the Buff for the purposes of looking up its index
            </summary>
        </member>
        <member name="F:R2API.CustomBuff.BuffDef">
            <summary>
            Definition of the Buff
            </summary>
        </member>
        <member name="T:R2API.CustomElite">
            <summary>
            Class that defines a custom Elite type for use in the game.
            All Elites consistent of an Elite definition, a <see cref="T:R2API.CustomEquipment"/>
            and a <see cref="T:R2API.CustomBuff"/>.  The equipment is automatically provided to
            the Elite when it spawns and is configured to passively apply the buff.
            Note that if Elite Spawning Overhaul is enabled, you'll also want to create a EliteAffixCard/>
            to allow the combat director to spawn your elite type.
            </summary>
        </member>
        <member name="F:R2API.CustomElite.Name">
            <summary>
            Name of the Elite, for purposes of looking up its index
            </summary>
        </member>
        <member name="F:R2API.CustomElite.EliteDef">
            <summary>
            Elite definition (you can omit the index references, as those will be filled in automatically by ItemLib)
            </summary>
        </member>
        <member name="F:R2API.CustomElite.Equipment">
            <summary>
            Custom equipment that the Elite will carry; do note that this is something that may (rarely) drop from the Elite when killed,
            so players can also end up with this equipment
            </summary>
        </member>
        <member name="F:R2API.CustomElite.Buff">
            <summary>
            Custom buff that is applied passively by the equipment; note that this can be active on the player
            if they're using Wake of Vultures or pick up the equipment, so you'll need to decide what impact
            the elite buff should have on players.
            </summary>
        </member>
        <member name="F:R2API.CustomElite.Tier">
            <summary>
            Tier for the elite, where 1 is standard elites (Fire, Ice, Lightning) and 2 is currently just Poison (Malachite).
            If Elite Spawning Overhaul is disabled, it will use this tier to set cost/hp/dmg scaling.  Even if your mod is
            only intended to work with ESO enabled, this should still be set to a valid number 1-2 for compatibility with
            the underlying game code.
            </summary>
        </member>
        <member name="P:R2API.LoadoutAPI.Loaded">
            <summary>
            Return true if the submodule is loaded.
            </summary>
        </member>
        <member name="M:R2API.LoadoutAPI.AddSkill(System.Type)">
            <summary>
            Adds a type for a skill EntityState to the SkillsCatalog.
            State must derive from EntityStates.EntityState.
            Note that SkillDefs and SkillFamiles must also be added seperately.
            </summary>
            <param name="t">The type to add</param>
            <returns>True if succesfully added</returns>
        </member>
        <member name="M:R2API.LoadoutAPI.AddSkillDef(RoR2.Skills.SkillDef)">
            <summary>
            Registers an event to add a SkillDef to the SkillDefCatalog.
            Must be called before Catalog init (during Awake() or OnEnable())
            </summary>
            <param name="s">The SkillDef to add</param>
            <returns>True if the event was registered</returns>
        </member>
        <member name="M:R2API.LoadoutAPI.AddSkillFamily(RoR2.Skills.SkillFamily)">
            <summary>
            Registers an event to add a SkillFamily to the SkillFamiliesCatalog
            Must be called before Catalog init (during Awake() or OnEnable())
            </summary>
            <param name="sf">The skillfamily to add</param>
            <returns>True if the event was registered</returns>
        </member>
        <member name="M:R2API.LoadoutAPI.CreateSkinIcon(UnityEngine.Color,UnityEngine.Color,UnityEngine.Color,UnityEngine.Color)">
            <summary>
            Creates a skin icon sprite styled after the ones already in the game.
            </summary>
            <param name="top">The color of the top portion</param>
            <param name="right">The color of the right portion</param>
            <param name="bottom">The color of the bottom portion</param>
            <param name="left">The color of the left portion</param>
            <returns>The icon sprite</returns>
        </member>
        <member name="M:R2API.LoadoutAPI.CreateSkinIcon(UnityEngine.Color,UnityEngine.Color,UnityEngine.Color,UnityEngine.Color,UnityEngine.Color)">
            <summary>
            Creates a skin icon sprite styled after the ones already in the game.
            </summary>
            <param name="top">The color of the top portion</param>
            <param name="right">The color of the right portion</param>
            <param name="bottom">The color of the bottom portion</param>
            <param name="left">The color of the left portion</param>
            <param name="line">The color of the dividing lines</param>
            <returns></returns>
        </member>
        <member name="T:R2API.LoadoutAPI.SkinDefInfo">
            <summary>
            A container struct for all SkinDef parameters.
            Use this to set skinDef values, then call CreateNewSkinDef().
            </summary>
        </member>
        <member name="M:R2API.LoadoutAPI.CreateNewSkinDef(R2API.LoadoutAPI.SkinDefInfo)">
            <summary>
            Creates a new SkinDef from a SkinDefInfo.
            Note that this prevents null-refs by disabling SkinDef awake while the SkinDef is being created.
            The things that occur during awake are performed when first applied to a character instead.
            </summary>
            <param name="skin"></param>
            <returns></returns>
        </member>
        <member name="M:R2API.LoadoutAPI.AddSkinToCharacter(UnityEngine.GameObject,R2API.LoadoutAPI.SkinDefInfo)">
            <summary>
            Adds a skin to the body prefab for a character.
            Will attempt to create a default skin if one is not present.
            Must be called during plugin Awake or OnEnable. If called afterwards the new skins must be added to bodycatalog manually.
            </summary>
            <param name="bodyPrefab">The body to add the skin to</param>
            <param name="skin">The SkinDefInfo for the skin to add</param>
            <returns>True if successful</returns>
        </member>
        <member name="M:R2API.LoadoutAPI.AddSkinToCharacter(UnityEngine.GameObject,RoR2.SkinDef)">
            <summary>
            Adds a skin to the body prefab for a character.
            Will attempt to create a default skin if one is not present.
            Must be called during plugin Awake or OnEnable. If called afterwards the new skins must be added to bodycatalog manually.
            </summary>
            <param name="bodyPrefab">The body to add the skin to</param>
            <param name="skin">The SkinDef to add</param>
            <returns>True if successful</returns>
        </member>
        <member name="M:R2API.LobbyConfigAPI.LobbyCategory.#ctor(System.String,UnityEngine.Color,System.String)">
            <summary>
            Adds a rule category to the lobby.
            </summary>
            <param name="title">The category's title.</param>
            <param name="color">The category's color</param>
            <param name="description">Should the category be empty, you can show this description.</param>
        </member>
        <member name="M:R2API.LobbyConfigAPI.LobbyCategory.#ctor(RoR2.RuleCategoryDef)">
            <summary>
            Wraps a rule category for the lobby.
            </summary>
            <param name="category">The category.</param>
        </member>
        <member name="M:R2API.LobbyConfigAPI.LobbyCategory.PushRule``1(R2API.LobbyConfigAPI.LobbyRule{``0})">
            <summary>
            Adds a rule to the category. You cannot add choices to that rule after pushing it.
            </summary>
            <param name="rule">The rule to add.</param>
            <typeparam name="T">The type of value this rule holds.</typeparam>
            <returns>'this', for chaining.</returns>
        </member>
        <member name="M:R2API.LobbyConfigAPI.LobbyCategory.AddChildCategory(R2API.LobbyConfigAPI.LobbyCategory)">
            <summary>
            Adds a child to this category.
            The child will get hidden should the parent be collapsed.
            </summary>
            <param name="category">The child.</param>
            <returns>'this', for chaining.</returns>
        </member>
        <member name="P:R2API.LobbyConfigAPI.LobbyRule`1.Value">
            <summary>
            Value of the current choice of the rule.
            </summary>
        </member>
        <member name="E:R2API.LobbyConfigAPI.LobbyRule`1.ValueChanged">
            <summary>
            Gets invoked if the rule is added to a category and the value changed.
            Sender is 'this', args is 'this.Value'.
            </summary>
        </member>
        <member name="M:R2API.LobbyConfigAPI.LobbyRule`1.#ctor">
            <summary>
            Construct a rule. Does not affect the game until you push the rule to a category.
            </summary>
        </member>
        <member name="M:R2API.LobbyConfigAPI.LobbyRule`1.AddChoice(`0,System.String,System.String,UnityEngine.Color,UnityEngine.Color,System.String)">
            <summary>
            Adds a choice to the rule.
            </summary>
            <param name="value">The value this choice represents.</param>
            <param name="title">Tooltip title.</param>
            <param name="description">Tooltip description.</param>
            <param name="titleColor"></param>
            <param name="descriptionColor"></param>
            <param name="sprite">A path to the sprite for this choice.</param>
            <returns>'this', for chaining.</returns>
        </member>
        <member name="M:R2API.LobbyConfigAPI.LobbyRule`1.MakeValueDefault(`0)">
            <summary>
            Set the default value for this rule.
            </summary>
            <param name="value">The value for which the choice will be marked as default.</param>
            <returns>'this', for chaining.</returns>
        </member>
        <member name="M:R2API.LobbyConfigAPI.LobbyRule`1.AddChoice(`0,System.String,System.String,UnityEngine.Color,UnityEngine.Color,System.String,System.String)">
            <summary>
            Adds a choice to the rule.
            </summary>
            <param name="value">The value this choice represents.</param>
            <param name="title">Tooltip title.</param>
            <param name="description">Tooltip description.</param>
            <param name="titleColor"></param>
            <param name="descriptionColor"></param>
            <param name="sprite">A path to the sprite for this choice.</param>
            <param name="name">An internal name for this choice.</param>
            <returns>'this', for chaining.</returns>
        </member>
        <member name="M:R2API.LobbyConfigAPI.AddCategory(System.String,UnityEngine.Color,System.String)">
            <summary>
            Adds a rule category to the lobby. If a category with the same title already exists, will return that.
            </summary>
            <param name="title">The category's title.</param>
            <param name="color">The category's color</param>
            <param name="emptyDescription">Should the category be empty, you can show this description.</param>
            <returns>The RuleCategoryDef, keep if you want to add rules.</returns>
        </member>
        <member name="M:R2API.LobbyConfigAPI.AddToCategory``1(RoR2.RuleCategoryDef,R2API.LobbyConfigAPI.LobbyRule{``0})">
            <summary>
            Adds a rule to the category. DO NOT ADD CHOICES AFTER THIS.
            </summary>
            <param name="category">The category to add this rule to.</param>
            <param name="rule">The rule to add.</param>
            <typeparam name="T">The type of value this rule holds.</typeparam>
        </member>
        <member name="T:R2API.ModListAPI">
            <summary>
            An API for sending and retreiving a list of mods (and config settings) in multiplayer.
            </summary>
        </member>
        <member name="F:R2API.ModListAPI.MessageIndex">
            <summary>
            The constant index used by the networkMessages
            </summary>
        </member>
        <member name="F:R2API.ModListAPI.MessageWaitTimeServer">
            <summary>
            The amount of time that the server waits to receive a message before assuming a client is vanilla.
            </summary>
        </member>
        <member name="F:R2API.ModListAPI.MessageWaitTimeClient">
            <summary>
            The amount of time a client waits to receive a message before assuming a server is vanilla.
            </summary>
        </member>
        <member name="P:R2API.ModListAPI.Loaded">
            <summary>
            Is ModListAPI loaded and working?
            </summary>
        </member>
        <member name="P:R2API.ModListAPI.CurrentServerMods">
            <summary>
            The ModList from the current server. null if not connected to a server.
            </summary>
        </member>
        <member name="P:R2API.ModListAPI.ConnectedClientMods">
            <summary>
            A dictionary of ModLists for every connected player (and players who have been connected) by NetworkConnection. null if server inactive.
            </summary>
        </member>
        <member name="E:R2API.ModListAPI.ModListReceivedFromServer">
            <summary>
            An event invoked whenever a server sends its ModList.
            </summary>
        </member>
        <member name="E:R2API.ModListAPI.ModListReceivedFromClient">
            <summary>
            An event invoked whenever a client sends its ModList to server.
            </summary>
        </member>
        <member name="M:R2API.ModListAPI.RebuildModList">
            <summary>
            Must be called any time config values are changed and if (somehow) mods are installed runtime.
            </summary>
        </member>
        <member name="M:R2API.ModListAPI.ModListMessage.#ctor">
            <summary>
            Do not use, must be public for Unity to access.
            </summary>
        </member>
        <member name="M:R2API.ModListAPI.ModListMessage.Serialize(UnityEngine.Networking.NetworkWriter)">
            <summary>
            Do not use, must be public for Unity to access.
            </summary>
            <param name="writer"></param>
        </member>
        <member name="M:R2API.ModListAPI.ModListMessage.Deserialize(UnityEngine.Networking.NetworkReader)">
            <summary>
            Do not use, must be public for Unity to access.
            </summary>
            <param name="reader"></param>
        </member>
        <member name="T:R2API.ModListAPI.ModList">
            <summary>
            A list of mods.
            </summary>
        </member>
        <member name="P:R2API.ModListAPI.ModList.Mods">
            <summary>
            A readonly collection of ModInfos.
            </summary>
        </member>
        <member name="P:R2API.ModListAPI.ModList.IsVanilla">
            <summary>
            Is this modlist empty?
            </summary>
        </member>
        <member name="P:R2API.ModListAPI.ModList.Vanilla">
            <summary>
            An empty modlist
            </summary>
        </member>
        <member name="M:R2API.ModListAPI.ModList.TextRepresentation">
            <summary>
            Get a string of all the mods contained in the list.
            </summary>
            <returns>the string with each mod on its own line</returns>
        </member>
        <member name="T:R2API.ModListAPI.ModInfo">
            <summary>
            An entry in a list of mods, represents a single mod.
            </summary>
        </member>
        <member name="P:R2API.ModListAPI.ModInfo.Guid">
            <summary>
            The (hopefully unique) GUID of the mod as a string.
            </summary>
        </member>
        <member name="P:R2API.ModListAPI.ModInfo.Version">
            <summary>
            The version of the Mod
            </summary>
        </member>
        <member name="P:R2API.ModListAPI.ModInfo.HasConfig">
            <summary>
            Does this ModInfo have a config?
            </summary>
        </member>
        <member name="M:R2API.ModListAPI.ModInfo.MatchMod(R2API.ModListAPI.ModInfo)">
            <summary>
            Check if two mods are the same
            </summary>
            <param name="mod">The other mod</param>
            <returns>true if they are the same</returns>
        </member>
        <member name="M:R2API.ModListAPI.ModInfo.MatchVersion(R2API.ModListAPI.ModInfo)">
            <summary>
            Checks if two mods are the same, and are the same version
            </summary>
            <param name="mod">The other mod</param>
            <returns>true if both mod and version are the same</returns>
        </member>
        <member name="M:R2API.ModListAPI.ModInfo.MatchConfig(R2API.ModListAPI.ModInfo)">
            <summary>
            Checks if two mods are the same, are the same version, and have the same config settings
            </summary>
            <param name="mod">The other mod</param>
            <returns>true if mod, version, and config are the same</returns>
        </member>
        <member name="M:R2API.ModListAPI.ModInfo.GetConfigValue``1(BepInEx.Configuration.ConfigEntry{``0})">
            <summary>
            Gets a value in the mod's config from the ConfigEntry used to bind it.
            </summary>
            <typeparam name="T">The Type of the value to get</typeparam>
            <param name="configEntry">The ConfigEntry that was used to bind it.</param>
            <returns>The value from the config</returns>
        </member>
        <member name="M:R2API.ModListAPI.ModInfo.GetConfigValue``1(System.String,System.String)">
            <summary>
            Gets a value in the mod's config from the key and section of the setting.
            </summary>
            <typeparam name="T"></typeparam>
            <param name="key">The key of the setting</param>
            <param name="section">The section the setting is in</param>
            <returns>The value from the config</returns>
        </member>
        <member name="M:R2API.ModListAPI.ModInfo.GetConfigValue(System.String,System.String)">
            <summary>
            Gets a value in the mod's config from the key and section of the setting as System.Object.
            </summary>
            <param name="key">The key of the setting</param>
            <param name="section">The section the setting is in</param>
            <returns>The value from the config as System.Object</returns>
        </member>
        <member name="P:R2API.OrbAPI.Loaded">
            <summary>
            Return true if the submodule is loaded.
            </summary>
        </member>
        <member name="M:R2API.OrbAPI.AddOrb(System.Type)">
            <summary>
            Adds an Orb to the orb catalog.
            This must be called during plugin Awake() or OnEnable().
            The type must be a subclass of RoR2.Orbs.Orb
            </summary>
            <param name="t">The type of the orb being added</param>
            <returns>True if orb will be added</returns>
        </member>
        <member name="P:R2API.PrefabAPI.Loaded">
            <summary>
            Return true if the submodule is loaded.
            </summary>
        </member>
        <member name="M:R2API.PrefabAPI.InstantiateClone(UnityEngine.GameObject,System.String,System.Boolean,System.String,System.String,System.Int32)">
            <summary>
            Duplicates a GameObject and leaves it in a "sleeping" state where it is inactive, but becomes active when spawned.
            Also registers the clone to network if registerNetwork is not set to false.
            Do not override the file, member, and line number parameters. They are used to generate a unique hash for the network ID.
            </summary>
            <param name="g">The GameObject to clone</param>
            <param name="nameToSet">The name to give the clone (Should be unique)</param>
            <param name="registerNetwork">Should the object be registered to network</param>
            <returns>The GameObject of the clone</returns>
        </member>
        <member name="M:R2API.PrefabAPI.RegisterNetworkPrefab(UnityEngine.GameObject,System.String,System.String,System.Int32)">
            <summary>
            Registers a prefab so that NetworkServer.Spawn will function properly with it.
            Only will work on prefabs with a NetworkIdentity component.
            Is never needed for existing objects unless you have cloned them.
            Do not override the file, member, and line number parameters. They are used to generate a unique hash for the network ID.
            </summary>
            <param name="g">The prefab to register</param>
        </member>
        <member name="M:R2API.R2API.IsLoaded(System.String)">
            <summary>
            Return true if the specified submodule is loaded.
            </summary>
            <param name="submodule">nameof the submodule</param>
        </member>
        <member name="T:R2API.ResourcesAPI">
            <summary>
            Allow to register AssetBundles for Mod Makers.
            </summary>
        </member>
        <member name="M:R2API.ResourcesAPI.AddProvider(R2API.IResourceProvider)">
            <summary>
            Add an AssetBundleResourcesProvider to the API.
            A prefix usually looks like this: "@MyModPrefix"
            More information on the R2API Wiki.
            </summary>
            <param name="provider">assetbundle provider to give, usually made with an AssetBundleResourcesProvider(prefix, assetbundle)</param>
        </member>
        <member name="M:R2API.SkillAPI.AddSkill(System.Type)">
            <summary>
            Adds a type for a skill EntityState to the SkillsCatalog.
            State must derive from EntityStates.EntityState.
            Note that SkillDefs and SkillFamiles must also be added seperately.
            </summary>
            <param name="t">The type to add</param>
            <returns>True if succesfully added</returns>
        </member>
        <member name="M:R2API.SkillAPI.AddSkillDef(RoR2.Skills.SkillDef)">
            <summary>
            Registers an event to add a SkillDef to the SkillDefCatalog.
            Must be called before Catalog init (during Awake() or OnEnable())
            </summary>
            <param name="s">The SkillDef to add</param>
            <returns>True if the event was registered</returns>
        </member>
        <member name="M:R2API.SkillAPI.AddSkillFamily(RoR2.Skills.SkillFamily)">
            <summary>
            Registers an event to add a SkillFamily to the SkillFamiliesCatalog
            Must be called before Catalog init (during Awake() or OnEnable())
            </summary>
            <param name="sf">The skillfamily to add</param>
            <returns>True if the event was registered</returns>
        </member>
        <member name="T:R2API.SkinAPI.SkinDefInfo">
            <summary>
            A container struct for all SkinDef parameters.
            Use this to set skinDef values, then call CreateNewSkinDef().
            </summary>
        </member>
        <member name="M:R2API.SkinAPI.CreateNewSkinDef(R2API.SkinAPI.SkinDefInfo)">
            <summary>
            Creates a new SkinDef from a SkinDefInfo.
            Note that this prevents null-refs by disabling SkinDef awake while the SkinDef is being created.
            The things that occur during awake are performed when first applied to a character instead.
            </summary>
            <param name="skin"></param>
            <returns></returns>
        </member>
        <member name="P:R2API.SurvivorAPI.Loaded">
            <summary>
            Return true if the submodule is loaded.
            </summary>
        </member>
        <member name="M:R2API.SurvivorAPI.AddSurvivor(RoR2.SurvivorDef)">
            <summary>
            Add a SurvivorDef to the list of available survivors.
            This must be called before the SurvivorCatalog inits, so before plugin.Start()
            Value for SurvivorIndex is ignored by game code so can be left blank
            If this is called after the SurvivorCatalog inits then this will return false and ignore the survivor
            Can optionally specify a name for the survivor that will be logged with the mod info.
            The survivor prefab must be non-null
            </summary>
            <param name="survivor">The survivor to add.</param>
            <returns>true if survivor will be added</returns>
        </member>
        <member name="T:R2API.UnbundledResourcesProvider">
            <summary>
            This class allows loading of resources not stored in an assetbundle with Resources.Load. Primary use would be for generating an item icon in code.
            </summary>
        </member>
        <member name="T:R2API.Utils.R2APISubmoduleDependency">
            <summary>
            Attribute to have at the top of your BaseUnityPlugin class if you want to load a specific R2API Submodule.
            Parameter(s) are the nameof the submodules.
            e.g: [R2APISubmoduleDependency("SurvivorAPI", "ItemAPI")]
            </summary>
        </member>
        <member name="T:R2API.Utils.APISubmoduleHandler">
            <summary>
            
            </summary>
        </member>
        <member name="M:R2API.Utils.APISubmoduleHandler.IsLoaded(System.String)">
            <summary>
            Return true if the specified submodule is loaded.
            </summary>
            <param name="submodule">nameof the submodule</param>
        </member>
        <member name="M:R2API.Utils.EnumerableExtensions.ForEachTry``1(System.Collections.Generic.IEnumerable{``0},System.Action{``0},System.Collections.Generic.IDictionary{``0,System.Exception})">
            <summary>
            ForEach but with a try catch in it.
            </summary>
            <param name="list">the enumerable object</param>
            <param name="action">the action to do on it</param>
            <param name="exceptions">the exception dictionary that will get filled, null by default if you simply want to silence the errors if any pop.</param>
            <typeparam name="T"></typeparam>
        </member>
        <member name="M:R2API.Utils.ChatMessage.Send(System.String)">
            <summary>
            Send a message to the chat
            </summary>
            <param name="message"></param>
        </member>
        <member name="M:R2API.Utils.ChatMessage.Send(System.String,System.String)">
            <summary>
            Send a message to the chat in the format "<see cref="!:messageFrom"/>: <see cref="!:message"/>"
            </summary>
            <param name="message"></param>
            <param name="messageFrom"></param>
        </member>
        <member name="M:R2API.Utils.CommandHelper.AddToConsoleWhenReady">
            <summary>
            Scans the calling assembly for ConCommand attributes and Convar fields and adds these to the console.
            This method may be called at any time.
            </summary>
        </member>
        <member name="M:R2API.Utils.CommandHelper.RegisterCommands(RoR2.Console)">
            <summary>
            Exactly the same as AddToConsoleWhenReady(): use that method instead.
            </summary>
        </member>
        <member name="T:R2API.Utils.DirectMessage">
            <summary>
            Class for sending messages directly to singular clients. Mostly useful for Dedicated servers.
            </summary>
        </member>
        <member name="M:R2API.Utils.DirectMessage.GetConnectionNetworkUsers(UnityEngine.Networking.NetworkConnection)">
            <summary>
            returns NetworkUsers associated  to a NetworkConnection
            </summary>
            <param name="conn"></param>
            <returns>returns NetworkUsers associated  to a NetworkConnection</returns>
        </member>
        <member name="M:R2API.Utils.DirectMessage.ResolveUserToConnection(RoR2.NetworkUser)">
            <summary>
            Converts NetworkUser to NetworkConnection
            </summary>
            <param name="user"></param>
            <returns>NetworkUser's NetworkConnection</returns>
        </member>
        <member name="M:R2API.Utils.DirectMessage.SendDirectMessage(System.String,UnityEngine.Networking.NetworkConnection)">
            <summary>
            Sends a string directly to a connection. Useful for when you don't want to take advantage of any preformatted string found in RoR2.Chat.
            </summary>
            <param name="message">The message to send</param>
            <param name="connection">The network connection to send to.</param>
        </member>
        <member name="M:R2API.Utils.DirectMessage.SendDirectMessage(System.String,RoR2.NetworkUser)">
            <summary>
            Sends a string directly to a user. Useful for when you don't want to take advantage of any preformatted string found in RoR2.Chat.
            </summary>
            <param name="message">The message to send</param>
            <param name="user">The network user to send to.</param>
        </member>
        <member name="M:R2API.Utils.DirectMessage.SendDirectMessage(RoR2.Chat.ChatMessageBase,UnityEngine.Networking.NetworkConnection)">
            <summary>
            Sends a ChatMessage directly to a connection. Checkout RoR2.Chat for possible chatmessage types.
            </summary>
            <param name="message">The message to send</param>
            <param name="connection">The network connection to send to.</param>
        </member>
        <member name="M:R2API.Utils.Reflection.GetFieldCached``1(System.String)">
            <summary>
            Gets the <see cref="T:System.Reflection.FieldInfo"/> of the type by name and caches it
            </summary>
            <typeparam name="T">The type to search</typeparam>
            <param name="name">The name of the field to find</param>
            <returns></returns>
        </member>
        <member name="M:R2API.Utils.Reflection.GetFieldCached(System.Type,System.String)">
            <summary>
            Gets the <see cref="T:System.Reflection.FieldInfo" /> of the type by name and caches it
            </summary>
            <param name="T">The type to search</param>
            <param name="name">The name of the field to find</param>
            <returns></returns>
        </member>
        <member name="M:R2API.Utils.Reflection.GetFieldValue``1(System.Object,System.String)">
            <summary>
            Gets the value of the field on the object
            </summary>
            <typeparam name="TReturn">The type of the return value</typeparam>
            <param name="fieldName">The name of the field to get the value of</param>
            <param name="instance">The object to get the field's value from</param>
            <returns></returns>
        </member>
        <member name="M:R2API.Utils.Reflection.GetFieldValue``1(System.Type,System.String)">
            <summary>
            Gets the value of the specified static field on the specified static type
            </summary>
            <typeparam name="TReturn">The return type</typeparam>
            <param name="staticType">The name of the static field to get the value of</param>
            <param name="fieldName">The type to get the specified static field's value on</param>
            <returns></returns>
        </member>
        <member name="M:R2API.Utils.Reflection.SetFieldValue``1(System.Object,System.String,``0)">
            <summary>
            Sets the value of the specified field on the specified object; if the object is a struct use
            <see cref="M:R2API.Utils.Reflection.SetStructFieldValue``2(``0@,System.String,``1)"/> instead
            </summary>
            <typeparam name="TValue">The type of the value to set</typeparam>
            <param name="instance">The name of the field to set the value of</param>
            <param name="fieldName">The type to set the specified field's value on</param>
            <param name="value">The value to set</param>
            <returns></returns>
        </member>
        <member name="M:R2API.Utils.Reflection.SetFieldValue``1(System.Type,System.String,``0)">
            <summary>
            Sets the value of the specified static field on the specified static type
            </summary>
            <typeparam name="TValue">The type of the value to set</typeparam>
            <param name="staticType">The name of the static field to set the value of</param>
            <param name="fieldName">The type to set the specified static field's value on</param>
            <param name="value">The value to set</param>
            <returns></returns>
        </member>
        <member name="M:R2API.Utils.Reflection.SetStructFieldValue``2(``0@,System.String,``1)">
            <summary>
            Sets the value of the specified field on the specified struct
            </summary>
            <typeparam name="TInstance">The type of the instance of the struct</typeparam>
            <typeparam name="TValue">The type of the value to set</typeparam>
            <param name="instance">The name of the field to set the value of</param>
            <param name="fieldName">The type to set the specified field's value on</param>
            <param name="value">The value to set the field to</param>
            <returns></returns>
        </member>
        <member name="M:R2API.Utils.Reflection.GetFieldFull(System.Type,System.String)">
            <summary>
            Gets the <see cref="T:System.Reflection.FieldInfo"/> on the specified <see cref="T:System.Type"/> and searches base types if not found.
            </summary>
            <param name="T">The <see cref="T:System.Type"/> to search and get base types from</param>
            <param name="name">The name of the property to search for.</param>
            <returns></returns>
        </member>
        <member name="M:R2API.Utils.Reflection.GetPropertyCached``1(System.String)">
            <summary>
            Gets the <see cref="T:System.Reflection.PropertyInfo"/> of the type by name
            </summary>
            <typeparam name="T">The type on which to find the property</typeparam>
            <param name="name">The name of the property to get</param>
            <returns></returns>
        </member>
        <member name="M:R2API.Utils.Reflection.GetPropertyCached(System.Type,System.String)">
            <summary>
            Gets the <see cref="T:System.Reflection.PropertyInfo"/> of the type by name
            </summary>
            <param name="T">The type to get the <see cref="T:System.Reflection.PropertyInfo"/> from</param>
            <param name="name">The name of the property to get</param>
            <returns></returns>
        </member>
        <member name="M:R2API.Utils.Reflection.GetPropertyValue``1(System.Object,System.String)">
            <summary>
            Gets the value of the property on the specified object; if the object is a struct use
            <see cref="M:R2API.Utils.Reflection.GetStructPropertyValue``2(``0@,System.String)"></see> instead
            </summary>
            <typeparam name="TReturn">The type of the return value</typeparam>
            <param name="instance">The object to get the property's value from</param>
            <param name="propName">The name of the field to get the value of</param>
            <returns></returns>
        </member>
        <member name="M:R2API.Utils.Reflection.GetPropertyValue``1(System.Type,System.String)">
            <summary>
            Gets the value of the static property on the specified static type
            </summary>
            <typeparam name="TReturn">The return type</typeparam>
            <param name="staticType">The name of the static field to get the value of</param>
            <param name="propName">The type to get the specified static property's value on</param>
            <returns></returns>
        </member>
        <member name="M:R2API.Utils.Reflection.SetPropertyValue``1(System.Object,System.String,``0)">
            <summary>
            Sets the value of the property on the specified class; if you're setting the property on a
            struct use <see cref="M:R2API.Utils.Reflection.SetStructPropertyValue``2(``0@,System.String,``1)"/> instead
            </summary>
            <typeparam name="TValue">The type of the value to set</typeparam>
            <param name="instance">The name of the field to set the value of</param>
            <param name="propName">The type to set the specified property's value on</param>
            <param name="value">The value to set</param>
            <returns></returns>
        </member>
        <member name="M:R2API.Utils.Reflection.SetPropertyValue``1(System.Type,System.String,``0)">
            <summary>
            Sets the value of the static property on the specified static class
            </summary>
            <typeparam name="TValue">The type of the value to set</typeparam>
            <param name="staticType">The name of the static field to set the value of</param>
            <param name="propName">The type to set the specified static property's value on</param>
            <param name="value">The value to set the property to</param>
            <returns></returns>
        </member>
        <member name="M:R2API.Utils.Reflection.SetStructPropertyValue``2(``0@,System.String,``1)">
            <summary>
            Sets the value of the specified property on the specified struct
            </summary>
            <typeparam name="TInstance">The type of the instance of the struct</typeparam>
            <typeparam name="TValue">The type of the value to set</typeparam>
            <param name="instance">The name of the field to set the value of</param>
            <param name="propName">The type to set the specified property's value on</param>
            <param name="value">The value to set the property to</param>
            <returns></returns>
        </member>
        <member name="M:R2API.Utils.Reflection.GetStructPropertyValue``2(``0@,System.String)">
            <summary>
            Gets the value of the specified property on the specified struct
            </summary>
            <typeparam name="TInstance">The type of the struct</typeparam>
            <typeparam name="TValue">The type of the value to set</typeparam>
            <param name="instance">The name of the field to set the value of</param>
            <param name="propName">The type to set the specified property's value on</param>
            <returns></returns>
        </member>
        <member name="M:R2API.Utils.Reflection.GetMethodCached``1(System.String)">
            <summary>
            Gets the method on the specified type and caches it
            </summary>
            <typeparam name="T">The type to search</typeparam>
            <param name="name">The name of the method to find</param>
            <returns></returns>
        </member>
        <member name="M:R2API.Utils.Reflection.GetMethodCached(System.Type,System.String)">
            <summary>
            Gets the method on the specified static type and caches it
            </summary>
            <param name="T">The type to search</param>
            <param name="name">The name of the method to find</param>
            <returns></returns>
        </member>
        <member name="M:R2API.Utils.Reflection.GetMethodCached``1(System.String,System.Type[])">
            <summary>
            Gets the method on the specified type and caches it. This overload is used when the method is ambiguous
            </summary>
            <typeparam name="T">The type to search</typeparam>
            <param name="name">The name of the method to find</param>
            <param name="argumentTypes">The types of the argument</param>
            <returns></returns>
        </member>
        <member name="M:R2API.Utils.Reflection.GetMethodCached(System.Type,System.String,System.Type[])">
            <summary>
            Gets the method on the specified static type and caches it. This overload is used when the method is ambiguous
            </summary>
            <param name="T">The type to search</param>
            <param name="name">The name of the method to find</param>
            <param name="argumentTypes">The types of the argument</param>
        </member>
        <member name="M:R2API.Utils.Reflection.InvokeMethod``1(System.Object,System.String)">
            <summary>
            Invoke a method on the specified object by name
            </summary>
            <typeparam name="TReturn">The return type of the method</typeparam>
            <param name="instance">The object to invoke the method on</param>
            <param name="methodName">The name of the method to invoke</param>
            <returns></returns>
        </member>
        <member name="M:R2API.Utils.Reflection.InvokeMethod``1(System.Type,System.String)">
            <summary>
            Invoke a static method on the specified type by name
            </summary>
            <typeparam name="TReturn">The return type of the method</typeparam>
            <param name="staticType">The static type to search</param>
            <param name="methodName">The name of the method to invoke</param>
            <returns></returns>
        </member>
        <member name="M:R2API.Utils.Reflection.InvokeMethod(System.Object,System.String)">
            <summary>
            Invoke a method on the specified object by name
            </summary>
            <param name="instance">The object to invoke the method on</param>
            <param name="methodName">The name of the method to invoke</param>
        </member>
        <member name="M:R2API.Utils.Reflection.InvokeMethod(System.Type,System.String)">
            <summary>
            Invoke a static method on the specified type by name
            </summary>
            <param name="staticType">The static type to search</param>
            <param name="methodName">The name of the method to invoke</param>
        </member>
        <member name="M:R2API.Utils.Reflection.InvokeMethod``1(System.Object,System.String,System.Object[])">
            <summary>
            Invoke a method on the specified object by name with parameters
            </summary>
            <typeparam name="TReturn">The return type of the method</typeparam>
            <param name="instance">The object to invoke the method on</param>
            <param name="methodName">The name of the method to invoke</param>
            <param name="methodParams"></param>
            <returns></returns>
        </member>
        <member name="M:R2API.Utils.Reflection.InvokeMethod``1(System.Type,System.String,System.Object[])">
            <summary>
            Invoke a static method on the specified type by name with parameters
            </summary>
            <typeparam name="TReturn">The return type of the method</typeparam>
            <param name="staticType">The static type to search</param>
            <param name="methodName">The name of the method to invoke</param>
            <param name="methodParams">The method parameters</param>
            <returns></returns>
        </member>
        <member name="M:R2API.Utils.Reflection.InvokeMethod(System.Object,System.String,System.Object[])">
            <summary>
            Invoke a method on the specified object by name with parameters
            </summary>
            <param name="instance">The object to invoke the method on</param>
            <param name="methodName">The name of the method to invoke</param>
            <param name="methodParams"></param>
        </member>
        <member name="M:R2API.Utils.Reflection.InvokeMethod(System.Type,System.String,System.Object[])">
            <summary>
            Invoke a static method on the specified type by name with parameters
            </summary>
            <param name="staticType">The static type to search</param>
            <param name="methodName">The name of the method to invoke</param>
            <param name="methodParams"></param>
        </member>
        <member name="M:R2API.Utils.Reflection.GetConstructorCached``1(System.Type[])">
            <summary>
            Gets the constructor on the specified type with specified arguments and caches it
            </summary>
            <typeparam name="T">The type to search</typeparam>
            <param name="argumentTypes">The types of the arguments on the constructor to find</param>
            <returns></returns>
        </member>
        <member name="M:R2API.Utils.Reflection.GetConstructorCached(System.Type,System.Type[])">
            <summary>
            Gets the constructor on the specified static type with specified arguments and caches it
            </summary>
            <param name="T">The type to search</param>
            <param name="argumentTypes">The types of the arguments on the constructor to find</param>
            <returns></returns>
        </member>
        <member name="M:R2API.Utils.Reflection.GetNestedType``1(System.String)">
            <summary>
            Gets the nested type on the specified type
            </summary>
            <typeparam name="T">The type to search</typeparam>
            <param name="name">The name of the nested type to find</param>
            <returns></returns>
        </member>
        <member name="M:R2API.Utils.Reflection.GetNestedTypeCached``1(System.String)">
            <summary>
            Gets the nested type on the specified type
            </summary>
            <typeparam name="T">The type to search</typeparam>
            <param name="name">The name of the nested type to find</param>
            <returns></returns>
        </member>
        <member name="M:R2API.Utils.Reflection.GetNestedTypeCached(System.Type,System.String)">
            <summary>
            Gets the nested type on the specified static type
            </summary>
            <param name="T">The static type to search</param>
            <param name="name">The name of the nested type to find</param>
            <returns></returns>
        </member>
        <member name="M:R2API.Utils.Reflection.Instantiate(System.Type)">
            <summary>
            Instatiates the specified type
            </summary>
            <param name="type">The type to instantiate</param>
            <returns></returns>
        </member>
        <member name="M:R2API.Utils.Reflection.Instantiate(System.Type,System.Object[])">
            <summary>
            Instatiates the specified type with specified constructor arguments
            </summary>
            <param name="type">The type to instantiate</param>
            <param name="constructorArguments">The constructor arguments</param>
            <returns></returns>
        </member>
        <member name="M:R2API.Utils.Reflection.InstantiateGeneric``1(System.Type)">
            <summary>
            Instantiates the specified generic type
            </summary>
            <typeparam name="TClass">The type to instantiate</typeparam>
            <param name="typeArgument">The type of the generic type argument</param>
            <returns></returns>
        </member>
        <member name="M:R2API.Utils.Reflection.InstantiateGeneric``1(System.Type[])">
            <summary>
            Instantiates the specified generic types
            </summary>
            <typeparam name="TClass">The type to instantiate</typeparam>
            <param name="typeArgument">The types of the generic type arguments</param>
            <returns></returns>
        </member>
        <member name="M:R2API.Utils.Reflection.InstantiateList(System.Type)">
            <summary>
            Instantiates a list of the specified generic type
            </summary>
            <param name="type"></param>
            <returns></returns>
        </member>
    </members>
</doc>
